"","Species","Ecoregion","mean_ProbEst"
"1"," abiegran"," eco1",0
"2"," abiegran"," eco10",0
"3"," abiegran"," eco11",0
"4"," abiegran"," eco12",0
"5"," abiegran"," eco14",0
"6"," abiegran"," eco16",0
"7"," abiegran"," eco17",0
"8"," abiegran"," eco18",0
"9"," abiegran"," eco19",0
"10"," abiegran"," eco2",0
"11"," abiegran"," eco20",0
"12"," abiegran"," eco21",0
"13"," abiegran"," eco22",0
"14"," abiegran"," eco23",0
"15"," abiegran"," eco24",0
"16"," abiegran"," eco25",0
"17"," abiegran"," eco26",0
"18"," abiegran"," eco27",0
"19"," abiegran"," eco28",0
"20"," abiegran"," eco29",0
"21"," abiegran"," eco3",0
"22"," abiegran"," eco30",0
"23"," abiegran"," eco4",0
"24"," abiegran"," eco6",0
"25"," abiegran"," eco7",0
"26"," abiegran"," eco8",0
"27"," acercamp"," eco1",0
"28"," acercamp"," eco10",0
"29"," acercamp"," eco11",0
"30"," acercamp"," eco12",0
"31"," acercamp"," eco14",0
"32"," acercamp"," eco16",0
"33"," acercamp"," eco17",0
"34"," acercamp"," eco18",0
"35"," acercamp"," eco19",0
"36"," acercamp"," eco2",0
"37"," acercamp"," eco20",0
"38"," acercamp"," eco21",0
"39"," acercamp"," eco22",0
"40"," acercamp"," eco23",0
"41"," acercamp"," eco24",0
"42"," acercamp"," eco25",0
"43"," acercamp"," eco26",0
"44"," acercamp"," eco27",0
"45"," acercamp"," eco28",0
"46"," acercamp"," eco29",0
"47"," acercamp"," eco3",0
"48"," acercamp"," eco30",0
"49"," acercamp"," eco4",0
"50"," acercamp"," eco6",0
"51"," acercamp"," eco7",0
"52"," acercamp"," eco8",0
"53"," acerpseu"," eco1",0
"54"," acerpseu"," eco10",0
"55"," acerpseu"," eco11",0
"56"," acerpseu"," eco12",0
"57"," acerpseu"," eco14",0
"58"," acerpseu"," eco16",0
"59"," acerpseu"," eco17",0
"60"," acerpseu"," eco18",0
"61"," acerpseu"," eco19",0
"62"," acerpseu"," eco2",0
"63"," acerpseu"," eco20",0
"64"," acerpseu"," eco21",0
"65"," acerpseu"," eco22",0
"66"," acerpseu"," eco23",0
"67"," acerpseu"," eco24",0
"68"," acerpseu"," eco25",0
"69"," acerpseu"," eco26",0
"70"," acerpseu"," eco27",0
"71"," acerpseu"," eco28",0
"72"," acerpseu"," eco29",0
"73"," acerpseu"," eco3",0
"74"," acerpseu"," eco30",0
"75"," acerpseu"," eco4",0
"76"," acerpseu"," eco6",0
"77"," acerpseu"," eco7",0
"78"," acerpseu"," eco8",0
"79"," alnuglut"," eco1",0.03
"80"," alnuglut"," eco10",0
"81"," alnuglut"," eco11",0.02
"82"," alnuglut"," eco12",0.04
"83"," alnuglut"," eco14",0
"84"," alnuglut"," eco16",0
"85"," alnuglut"," eco17",0.04
"86"," alnuglut"," eco18",0
"87"," alnuglut"," eco19",0
"88"," alnuglut"," eco2",0
"89"," alnuglut"," eco20",0
"90"," alnuglut"," eco21",0
"91"," alnuglut"," eco22",0
"92"," alnuglut"," eco23",0
"93"," alnuglut"," eco24",0
"94"," alnuglut"," eco25",0.02
"95"," alnuglut"," eco26",0
"96"," alnuglut"," eco27",0
"97"," alnuglut"," eco28",0
"98"," alnuglut"," eco29",0.06
"99"," alnuglut"," eco3",0.02
"100"," alnuglut"," eco30",0
"101"," alnuglut"," eco4",0
"102"," alnuglut"," eco6",0
"103"," alnuglut"," eco7",0
"104"," alnuglut"," eco8",0.02
"105"," betupend"," eco1",0
"106"," betupend"," eco10",0
"107"," betupend"," eco11",0
"108"," betupend"," eco12",0
"109"," betupend"," eco14",0
"110"," betupend"," eco16",0
"111"," betupend"," eco17",0
"112"," betupend"," eco18",0
"113"," betupend"," eco19",0
"114"," betupend"," eco2",0
"115"," betupend"," eco20",0
"116"," betupend"," eco21",0
"117"," betupend"," eco22",0
"118"," betupend"," eco23",0
"119"," betupend"," eco24",0
"120"," betupend"," eco25",0
"121"," betupend"," eco26",0
"122"," betupend"," eco27",0
"123"," betupend"," eco28",0
"124"," betupend"," eco29",0
"125"," betupend"," eco3",0
"126"," betupend"," eco30",0
"127"," betupend"," eco4",0
"128"," betupend"," eco6",0
"129"," betupend"," eco7",0
"130"," betupend"," eco8",0
"131"," carpbetu"," eco1",0.06
"132"," carpbetu"," eco10",0.04
"133"," carpbetu"," eco11",0.06
"134"," carpbetu"," eco12",0.06
"135"," carpbetu"," eco14",0
"136"," carpbetu"," eco16",0
"137"," carpbetu"," eco17",0.06
"138"," carpbetu"," eco18",0.04
"139"," carpbetu"," eco19",0
"140"," carpbetu"," eco2",0
"141"," carpbetu"," eco20",0
"142"," carpbetu"," eco21",0
"143"," carpbetu"," eco22",0
"144"," carpbetu"," eco23",0
"145"," carpbetu"," eco24",0.02
"146"," carpbetu"," eco25",0.06
"147"," carpbetu"," eco26",0
"148"," carpbetu"," eco27",0.04
"149"," carpbetu"," eco28",0.05
"150"," carpbetu"," eco29",0.08
"151"," carpbetu"," eco3",0.06
"152"," carpbetu"," eco30",0.03
"153"," carpbetu"," eco4",0.05
"154"," carpbetu"," eco6",0
"155"," carpbetu"," eco7",0.04
"156"," carpbetu"," eco8",0.06
"157"," castsati"," eco1",0
"158"," castsati"," eco10",0
"159"," castsati"," eco11",0
"160"," castsati"," eco12",0
"161"," castsati"," eco14",0
"162"," castsati"," eco16",0
"163"," castsati"," eco17",0
"164"," castsati"," eco18",0
"165"," castsati"," eco19",0
"166"," castsati"," eco2",0
"167"," castsati"," eco20",0
"168"," castsati"," eco21",0
"169"," castsati"," eco22",0
"170"," castsati"," eco23",0
"171"," castsati"," eco24",0
"172"," castsati"," eco25",0
"173"," castsati"," eco26",0
"174"," castsati"," eco27",0
"175"," castsati"," eco28",0
"176"," castsati"," eco29",0
"177"," castsati"," eco3",0
"178"," castsati"," eco30",0
"179"," castsati"," eco4",0
"180"," castsati"," eco6",0
"181"," castsati"," eco7",0
"182"," castsati"," eco8",0
"183"," chamlaws"," eco1",0
"184"," chamlaws"," eco10",0
"185"," chamlaws"," eco11",0
"186"," chamlaws"," eco12",0
"187"," chamlaws"," eco14",0
"188"," chamlaws"," eco16",0
"189"," chamlaws"," eco17",0
"190"," chamlaws"," eco18",0
"191"," chamlaws"," eco19",0
"192"," chamlaws"," eco2",0
"193"," chamlaws"," eco20",0
"194"," chamlaws"," eco21",0
"195"," chamlaws"," eco22",0
"196"," chamlaws"," eco23",0
"197"," chamlaws"," eco24",0
"198"," chamlaws"," eco25",0
"199"," chamlaws"," eco26",0
"200"," chamlaws"," eco27",0
"201"," chamlaws"," eco28",0
"202"," chamlaws"," eco29",0
"203"," chamlaws"," eco3",0
"204"," chamlaws"," eco30",0
"205"," chamlaws"," eco4",0
"206"," chamlaws"," eco6",0
"207"," chamlaws"," eco7",0
"208"," chamlaws"," eco8",0
"209"," coryavel"," eco1",0
"210"," coryavel"," eco10",0
"211"," coryavel"," eco11",0
"212"," coryavel"," eco12",0
"213"," coryavel"," eco14",0
"214"," coryavel"," eco16",0
"215"," coryavel"," eco17",0
"216"," coryavel"," eco18",0
"217"," coryavel"," eco19",0
"218"," coryavel"," eco2",0
"219"," coryavel"," eco20",0
"220"," coryavel"," eco21",0
"221"," coryavel"," eco22",0
"222"," coryavel"," eco23",0
"223"," coryavel"," eco24",0
"224"," coryavel"," eco25",0
"225"," coryavel"," eco26",0
"226"," coryavel"," eco27",0
"227"," coryavel"," eco28",0
"228"," coryavel"," eco29",0
"229"," coryavel"," eco3",0
"230"," coryavel"," eco30",0
"231"," coryavel"," eco4",0
"232"," coryavel"," eco6",0
"233"," coryavel"," eco7",0
"234"," coryavel"," eco8",0
"235"," cratmono"," eco1",0
"236"," cratmono"," eco10",0
"237"," cratmono"," eco11",0
"238"," cratmono"," eco12",0
"239"," cratmono"," eco14",0
"240"," cratmono"," eco16",0
"241"," cratmono"," eco17",0
"242"," cratmono"," eco18",0
"243"," cratmono"," eco19",0
"244"," cratmono"," eco2",0
"245"," cratmono"," eco20",0
"246"," cratmono"," eco21",0
"247"," cratmono"," eco22",0
"248"," cratmono"," eco23",0
"249"," cratmono"," eco24",0
"250"," cratmono"," eco25",0
"251"," cratmono"," eco26",0
"252"," cratmono"," eco27",0
"253"," cratmono"," eco28",0
"254"," cratmono"," eco29",0
"255"," cratmono"," eco3",0
"256"," cratmono"," eco30",0
"257"," cratmono"," eco4",0
"258"," cratmono"," eco6",0
"259"," cratmono"," eco7",0
"260"," cratmono"," eco8",0
"261"," fagusylv"," eco1",0
"262"," fagusylv"," eco10",0
"263"," fagusylv"," eco11",0
"264"," fagusylv"," eco12",0
"265"," fagusylv"," eco14",0
"266"," fagusylv"," eco16",0
"267"," fagusylv"," eco17",0
"268"," fagusylv"," eco18",0
"269"," fagusylv"," eco19",0
"270"," fagusylv"," eco2",0
"271"," fagusylv"," eco20",0
"272"," fagusylv"," eco21",0
"273"," fagusylv"," eco22",0
"274"," fagusylv"," eco23",0
"275"," fagusylv"," eco24",0
"276"," fagusylv"," eco25",0
"277"," fagusylv"," eco26",0
"278"," fagusylv"," eco27",0
"279"," fagusylv"," eco28",0
"280"," fagusylv"," eco29",0
"281"," fagusylv"," eco3",0
"282"," fagusylv"," eco30",0
"283"," fagusylv"," eco4",0
"284"," fagusylv"," eco6",0
"285"," fagusylv"," eco7",0
"286"," fagusylv"," eco8",0
"287"," franalnu"," eco1",0.03
"288"," franalnu"," eco10",0
"289"," franalnu"," eco11",0.02
"290"," franalnu"," eco12",0.04
"291"," franalnu"," eco14",0
"292"," franalnu"," eco16",0
"293"," franalnu"," eco17",0.04
"294"," franalnu"," eco18",0
"295"," franalnu"," eco19",0
"296"," franalnu"," eco2",0
"297"," franalnu"," eco20",0
"298"," franalnu"," eco21",0
"299"," franalnu"," eco22",0
"300"," franalnu"," eco23",0
"301"," franalnu"," eco24",0
"302"," franalnu"," eco25",0.02
"303"," franalnu"," eco26",0
"304"," franalnu"," eco27",0
"305"," franalnu"," eco28",0
"306"," franalnu"," eco29",0.06
"307"," franalnu"," eco3",0.02
"308"," franalnu"," eco30",0
"309"," franalnu"," eco4",0
"310"," franalnu"," eco6",0
"311"," franalnu"," eco7",0
"312"," franalnu"," eco8",0.02
"313"," fraxexce"," eco1",0
"314"," fraxexce"," eco10",0
"315"," fraxexce"," eco11",0
"316"," fraxexce"," eco12",0
"317"," fraxexce"," eco14",0
"318"," fraxexce"," eco16",0
"319"," fraxexce"," eco17",0
"320"," fraxexce"," eco18",0
"321"," fraxexce"," eco19",0
"322"," fraxexce"," eco2",0
"323"," fraxexce"," eco20",0
"324"," fraxexce"," eco21",0
"325"," fraxexce"," eco22",0
"326"," fraxexce"," eco23",0
"327"," fraxexce"," eco24",0
"328"," fraxexce"," eco25",0
"329"," fraxexce"," eco26",0
"330"," fraxexce"," eco27",0
"331"," fraxexce"," eco28",0
"332"," fraxexce"," eco29",0
"333"," fraxexce"," eco3",0
"334"," fraxexce"," eco30",0
"335"," fraxexce"," eco4",0
"336"," fraxexce"," eco6",0
"337"," fraxexce"," eco7",0
"338"," fraxexce"," eco8",0
"339"," ilexaqui"," eco1",0
"340"," ilexaqui"," eco10",0
"341"," ilexaqui"," eco11",0
"342"," ilexaqui"," eco12",0
"343"," ilexaqui"," eco14",0
"344"," ilexaqui"," eco16",0
"345"," ilexaqui"," eco17",0
"346"," ilexaqui"," eco18",0
"347"," ilexaqui"," eco19",0
"348"," ilexaqui"," eco2",0
"349"," ilexaqui"," eco20",0
"350"," ilexaqui"," eco21",0
"351"," ilexaqui"," eco22",0
"352"," ilexaqui"," eco23",0
"353"," ilexaqui"," eco24",0
"354"," ilexaqui"," eco25",0
"355"," ilexaqui"," eco26",0
"356"," ilexaqui"," eco27",0
"357"," ilexaqui"," eco28",0
"358"," ilexaqui"," eco29",0
"359"," ilexaqui"," eco3",0
"360"," ilexaqui"," eco30",0
"361"," ilexaqui"," eco4",0
"362"," ilexaqui"," eco6",0
"363"," ilexaqui"," eco7",0
"364"," ilexaqui"," eco8",0
"365"," larideci"," eco1",0
"366"," larideci"," eco10",0
"367"," larideci"," eco11",0
"368"," larideci"," eco12",0
"369"," larideci"," eco14",0
"370"," larideci"," eco16",0
"371"," larideci"," eco17",0
"372"," larideci"," eco18",0
"373"," larideci"," eco19",0
"374"," larideci"," eco2",0
"375"," larideci"," eco20",0
"376"," larideci"," eco21",0
"377"," larideci"," eco22",0
"378"," larideci"," eco23",0
"379"," larideci"," eco24",0
"380"," larideci"," eco25",0
"381"," larideci"," eco26",0
"382"," larideci"," eco27",0
"383"," larideci"," eco28",0
"384"," larideci"," eco29",0
"385"," larideci"," eco3",0
"386"," larideci"," eco30",0
"387"," larideci"," eco4",0
"388"," larideci"," eco6",0
"389"," larideci"," eco7",0
"390"," larideci"," eco8",0
"391"," malusylv"," eco1",0
"392"," malusylv"," eco10",0
"393"," malusylv"," eco11",0
"394"," malusylv"," eco12",0
"395"," malusylv"," eco14",0
"396"," malusylv"," eco16",0
"397"," malusylv"," eco17",0
"398"," malusylv"," eco18",0
"399"," malusylv"," eco19",0
"400"," malusylv"," eco2",0
"401"," malusylv"," eco20",0
"402"," malusylv"," eco21",0
"403"," malusylv"," eco22",0
"404"," malusylv"," eco23",0
"405"," malusylv"," eco24",0
"406"," malusylv"," eco25",0
"407"," malusylv"," eco26",0
"408"," malusylv"," eco27",0
"409"," malusylv"," eco28",0
"410"," malusylv"," eco29",0
"411"," malusylv"," eco3",0
"412"," malusylv"," eco30",0
"413"," malusylv"," eco4",0
"414"," malusylv"," eco6",0
"415"," malusylv"," eco7",0
"416"," malusylv"," eco8",0
"417"," piceabie"," eco1",0
"418"," piceabie"," eco10",0
"419"," piceabie"," eco11",0
"420"," piceabie"," eco12",0
"421"," piceabie"," eco14",0
"422"," piceabie"," eco16",0
"423"," piceabie"," eco17",0
"424"," piceabie"," eco18",0
"425"," piceabie"," eco19",0
"426"," piceabie"," eco2",0
"427"," piceabie"," eco20",0
"428"," piceabie"," eco21",0
"429"," piceabie"," eco22",0
"430"," piceabie"," eco23",0
"431"," piceabie"," eco24",0
"432"," piceabie"," eco25",0
"433"," piceabie"," eco26",0
"434"," piceabie"," eco27",0
"435"," piceabie"," eco28",0
"436"," piceabie"," eco29",0
"437"," piceabie"," eco3",0
"438"," piceabie"," eco30",0
"439"," piceabie"," eco4",0
"440"," piceabie"," eco6",0
"441"," piceabie"," eco7",0
"442"," piceabie"," eco8",0
"443"," picesitc"," eco1",0
"444"," picesitc"," eco10",0
"445"," picesitc"," eco11",0
"446"," picesitc"," eco12",0
"447"," picesitc"," eco14",0
"448"," picesitc"," eco16",0
"449"," picesitc"," eco17",0
"450"," picesitc"," eco18",0
"451"," picesitc"," eco19",0
"452"," picesitc"," eco2",0
"453"," picesitc"," eco20",0
"454"," picesitc"," eco21",0
"455"," picesitc"," eco22",0
"456"," picesitc"," eco23",0
"457"," picesitc"," eco24",0
"458"," picesitc"," eco25",0
"459"," picesitc"," eco26",0
"460"," picesitc"," eco27",0
"461"," picesitc"," eco28",0
"462"," picesitc"," eco29",0
"463"," picesitc"," eco3",0
"464"," picesitc"," eco30",0
"465"," picesitc"," eco4",0
"466"," picesitc"," eco6",0
"467"," picesitc"," eco7",0
"468"," picesitc"," eco8",0
"469"," pinunigr"," eco1",0
"470"," pinunigr"," eco10",0
"471"," pinunigr"," eco11",0
"472"," pinunigr"," eco12",0
"473"," pinunigr"," eco14",0
"474"," pinunigr"," eco16",0
"475"," pinunigr"," eco17",0
"476"," pinunigr"," eco18",0
"477"," pinunigr"," eco19",0
"478"," pinunigr"," eco2",0
"479"," pinunigr"," eco20",0
"480"," pinunigr"," eco21",0
"481"," pinunigr"," eco22",0
"482"," pinunigr"," eco23",0
"483"," pinunigr"," eco24",0
"484"," pinunigr"," eco25",0
"485"," pinunigr"," eco26",0
"486"," pinunigr"," eco27",0
"487"," pinunigr"," eco28",0
"488"," pinunigr"," eco29",0
"489"," pinunigr"," eco3",0
"490"," pinunigr"," eco30",0
"491"," pinunigr"," eco4",0
"492"," pinunigr"," eco6",0
"493"," pinunigr"," eco7",0
"494"," pinunigr"," eco8",0
"495"," pinupond"," eco1",0
"496"," pinupond"," eco10",0
"497"," pinupond"," eco11",0
"498"," pinupond"," eco12",0
"499"," pinupond"," eco14",0
"500"," pinupond"," eco16",0
"501"," pinupond"," eco17",0
"502"," pinupond"," eco18",0
"503"," pinupond"," eco19",0
"504"," pinupond"," eco2",0
"505"," pinupond"," eco20",0
"506"," pinupond"," eco21",0
"507"," pinupond"," eco22",0
"508"," pinupond"," eco23",0
"509"," pinupond"," eco24",0
"510"," pinupond"," eco25",0
"511"," pinupond"," eco26",0
"512"," pinupond"," eco27",0
"513"," pinupond"," eco28",0
"514"," pinupond"," eco29",0
"515"," pinupond"," eco3",0
"516"," pinupond"," eco30",0
"517"," pinupond"," eco4",0
"518"," pinupond"," eco6",0
"519"," pinupond"," eco7",0
"520"," pinupond"," eco8",0
"521"," pinusylv"," eco1",0.06
"522"," pinusylv"," eco10",0.06
"523"," pinusylv"," eco11",0.06
"524"," pinusylv"," eco12",0.06
"525"," pinusylv"," eco14",0.06
"526"," pinusylv"," eco16",0.06
"527"," pinusylv"," eco17",0.06
"528"," pinusylv"," eco18",0.06
"529"," pinusylv"," eco19",0.06
"530"," pinusylv"," eco2",0.06
"531"," pinusylv"," eco20",0.06
"532"," pinusylv"," eco21",0.06
"533"," pinusylv"," eco22",0.06
"534"," pinusylv"," eco23",0.06
"535"," pinusylv"," eco24",0.06
"536"," pinusylv"," eco25",0.06
"537"," pinusylv"," eco26",0.06
"538"," pinusylv"," eco27",0.06
"539"," pinusylv"," eco28",0.06
"540"," pinusylv"," eco29",0.06
"541"," pinusylv"," eco3",0.06
"542"," pinusylv"," eco30",0.06
"543"," pinusylv"," eco4",0.06
"544"," pinusylv"," eco6",0.06
"545"," pinusylv"," eco7",0.06
"546"," pinusylv"," eco8",0.06
"547"," popualba"," eco1",0
"548"," popualba"," eco10",0
"549"," popualba"," eco11",0
"550"," popualba"," eco12",0
"551"," popualba"," eco14",0
"552"," popualba"," eco16",0
"553"," popualba"," eco17",0
"554"," popualba"," eco18",0
"555"," popualba"," eco19",0
"556"," popualba"," eco2",0
"557"," popualba"," eco20",0
"558"," popualba"," eco21",0
"559"," popualba"," eco22",0
"560"," popualba"," eco23",0
"561"," popualba"," eco24",0
"562"," popualba"," eco25",0
"563"," popualba"," eco26",0
"564"," popualba"," eco27",0
"565"," popualba"," eco28",0
"566"," popualba"," eco29",0.05
"567"," popualba"," eco3",0
"568"," popualba"," eco30",0
"569"," popualba"," eco4",0
"570"," popualba"," eco6",0
"571"," popualba"," eco7",0
"572"," popualba"," eco8",0
"573"," prunspin"," eco1",0.06
"574"," prunspin"," eco10",0.04
"575"," prunspin"," eco11",0.06
"576"," prunspin"," eco12",0.06
"577"," prunspin"," eco14",0
"578"," prunspin"," eco16",0
"579"," prunspin"," eco17",0.06
"580"," prunspin"," eco18",0.04
"581"," prunspin"," eco19",0
"582"," prunspin"," eco2",0
"583"," prunspin"," eco20",0
"584"," prunspin"," eco21",0
"585"," prunspin"," eco22",0
"586"," prunspin"," eco23",0
"587"," prunspin"," eco24",0.02
"588"," prunspin"," eco25",0.06
"589"," prunspin"," eco26",0
"590"," prunspin"," eco27",0.04
"591"," prunspin"," eco28",0.05
"592"," prunspin"," eco29",0.08
"593"," prunspin"," eco3",0.06
"594"," prunspin"," eco30",0.03
"595"," prunspin"," eco4",0.05
"596"," prunspin"," eco6",0
"597"," prunspin"," eco7",0.04
"598"," prunspin"," eco8",0.06
"599"," pseumenz"," eco1",0
"600"," pseumenz"," eco10",0
"601"," pseumenz"," eco11",0
"602"," pseumenz"," eco12",0
"603"," pseumenz"," eco14",0
"604"," pseumenz"," eco16",0
"605"," pseumenz"," eco17",0
"606"," pseumenz"," eco18",0
"607"," pseumenz"," eco19",0
"608"," pseumenz"," eco2",0
"609"," pseumenz"," eco20",0
"610"," pseumenz"," eco21",0
"611"," pseumenz"," eco22",0
"612"," pseumenz"," eco23",0
"613"," pseumenz"," eco24",0
"614"," pseumenz"," eco25",0
"615"," pseumenz"," eco26",0
"616"," pseumenz"," eco27",0
"617"," pseumenz"," eco28",0
"618"," pseumenz"," eco29",0
"619"," pseumenz"," eco3",0
"620"," pseumenz"," eco30",0
"621"," pseumenz"," eco4",0
"622"," pseumenz"," eco6",0
"623"," pseumenz"," eco7",0
"624"," pseumenz"," eco8",0
"625"," querrobu"," eco1",0
"626"," querrobu"," eco10",0
"627"," querrobu"," eco11",0
"628"," querrobu"," eco12",0
"629"," querrobu"," eco14",0
"630"," querrobu"," eco16",0
"631"," querrobu"," eco17",0
"632"," querrobu"," eco18",0
"633"," querrobu"," eco19",0
"634"," querrobu"," eco2",0
"635"," querrobu"," eco20",0
"636"," querrobu"," eco21",0
"637"," querrobu"," eco22",0
"638"," querrobu"," eco23",0
"639"," querrobu"," eco24",0
"640"," querrobu"," eco25",0
"641"," querrobu"," eco26",0
"642"," querrobu"," eco27",0
"643"," querrobu"," eco28",0
"644"," querrobu"," eco29",0
"645"," querrobu"," eco3",0
"646"," querrobu"," eco30",0
"647"," querrobu"," eco4",0
"648"," querrobu"," eco6",0
"649"," querrobu"," eco7",0
"650"," querrobu"," eco8",0
"651"," querrubr"," eco1",0
"652"," querrubr"," eco10",0
"653"," querrubr"," eco11",0
"654"," querrubr"," eco12",0
"655"," querrubr"," eco14",0
"656"," querrubr"," eco16",0
"657"," querrubr"," eco17",0
"658"," querrubr"," eco18",0
"659"," querrubr"," eco19",0
"660"," querrubr"," eco2",0
"661"," querrubr"," eco20",0
"662"," querrubr"," eco21",0
"663"," querrubr"," eco22",0
"664"," querrubr"," eco23",0
"665"," querrubr"," eco24",0
"666"," querrubr"," eco25",0
"667"," querrubr"," eco26",0
"668"," querrubr"," eco27",0
"669"," querrubr"," eco28",0
"670"," querrubr"," eco29",0
"671"," querrubr"," eco3",0
"672"," querrubr"," eco30",0
"673"," querrubr"," eco4",0
"674"," querrubr"," eco6",0
"675"," querrubr"," eco7",0
"676"," querrubr"," eco8",0
"677"," salicine"," eco1",0.02
"678"," salicine"," eco10",0.02
"679"," salicine"," eco11",0.02
"680"," salicine"," eco12",0.02
"681"," salicine"," eco14",0.02
"682"," salicine"," eco16",0.02
"683"," salicine"," eco17",0.02
"684"," salicine"," eco18",0.02
"685"," salicine"," eco19",0.02
"686"," salicine"," eco2",0.02
"687"," salicine"," eco20",0.02
"688"," salicine"," eco21",0.02
"689"," salicine"," eco22",0.02
"690"," salicine"," eco23",0.02
"691"," salicine"," eco24",0.02
"692"," salicine"," eco25",0.02
"693"," salicine"," eco26",0.02
"694"," salicine"," eco27",0.02
"695"," salicine"," eco28",0.02
"696"," salicine"," eco29",0.02
"697"," salicine"," eco3",0.02
"698"," salicine"," eco30",0.02
"699"," salicine"," eco4",0.02
"700"," salicine"," eco6",0.02
"701"," salicine"," eco7",0.02
"702"," salicine"," eco8",0.02
"703"," sequsemp"," eco1",0.05
"704"," sequsemp"," eco10",0.05
"705"," sequsemp"," eco11",0.05
"706"," sequsemp"," eco12",0.05
"707"," sequsemp"," eco14",0.05
"708"," sequsemp"," eco16",0.05
"709"," sequsemp"," eco17",0.05
"710"," sequsemp"," eco18",0.05
"711"," sequsemp"," eco19",0.05
"712"," sequsemp"," eco2",0.05
"713"," sequsemp"," eco20",0.05
"714"," sequsemp"," eco21",0.05
"715"," sequsemp"," eco22",0.05
"716"," sequsemp"," eco23",0.05
"717"," sequsemp"," eco24",0.05
"718"," sequsemp"," eco25",0.05
"719"," sequsemp"," eco26",0.05
"720"," sequsemp"," eco27",0.05
"721"," sequsemp"," eco28",0.05
"722"," sequsemp"," eco29",0.05
"723"," sequsemp"," eco3",0.05
"724"," sequsemp"," eco30",0.05
"725"," sequsemp"," eco4",0.05
"726"," sequsemp"," eco6",0.05
"727"," sequsemp"," eco7",0.05
"728"," sequsemp"," eco8",0.05
"729"," sorbaria"," eco1",0.06
"730"," sorbaria"," eco10",0.04
"731"," sorbaria"," eco11",0.06
"732"," sorbaria"," eco12",0.06
"733"," sorbaria"," eco14",0
"734"," sorbaria"," eco16",0
"735"," sorbaria"," eco17",0.06
"736"," sorbaria"," eco18",0.04
"737"," sorbaria"," eco19",0
"738"," sorbaria"," eco2",0
"739"," sorbaria"," eco20",0
"740"," sorbaria"," eco21",0
"741"," sorbaria"," eco22",0
"742"," sorbaria"," eco23",0
"743"," sorbaria"," eco24",0.02
"744"," sorbaria"," eco25",0.06
"745"," sorbaria"," eco26",0
"746"," sorbaria"," eco27",0.04
"747"," sorbaria"," eco28",0.05
"748"," sorbaria"," eco29",0.08
"749"," sorbaria"," eco3",0.06
"750"," sorbaria"," eco30",0.03
"751"," sorbaria"," eco4",0.05
"752"," sorbaria"," eco6",0
"753"," sorbaria"," eco7",0.04
"754"," sorbaria"," eco8",0.06
"755"," sorbaucu"," eco1",0.06
"756"," sorbaucu"," eco10",0.04
"757"," sorbaucu"," eco11",0.06
"758"," sorbaucu"," eco12",0.06
"759"," sorbaucu"," eco14",0
"760"," sorbaucu"," eco16",0
"761"," sorbaucu"," eco17",0.06
"762"," sorbaucu"," eco18",0.04
"763"," sorbaucu"," eco19",0
"764"," sorbaucu"," eco2",0
"765"," sorbaucu"," eco20",0
"766"," sorbaucu"," eco21",0
"767"," sorbaucu"," eco22",0
"768"," sorbaucu"," eco23",0
"769"," sorbaucu"," eco24",0.02
"770"," sorbaucu"," eco25",0.06
"771"," sorbaucu"," eco26",0
"772"," sorbaucu"," eco27",0.04
"773"," sorbaucu"," eco28",0.05
"774"," sorbaucu"," eco29",0.08
"775"," sorbaucu"," eco3",0.06
"776"," sorbaucu"," eco30",0.03
"777"," sorbaucu"," eco4",0.05
"778"," sorbaucu"," eco6",0
"779"," sorbaucu"," eco7",0.04
"780"," sorbaucu"," eco8",0.06
"781"," sorbtorm"," eco1",0.06
"782"," sorbtorm"," eco10",0.04
"783"," sorbtorm"," eco11",0.06
"784"," sorbtorm"," eco12",0.06
"785"," sorbtorm"," eco14",0
"786"," sorbtorm"," eco16",0
"787"," sorbtorm"," eco17",0.06
"788"," sorbtorm"," eco18",0.04
"789"," sorbtorm"," eco19",0
"790"," sorbtorm"," eco2",0
"791"," sorbtorm"," eco20",0
"792"," sorbtorm"," eco21",0
"793"," sorbtorm"," eco22",0
"794"," sorbtorm"," eco23",0
"795"," sorbtorm"," eco24",0.02
"796"," sorbtorm"," eco25",0.06
"797"," sorbtorm"," eco26",0
"798"," sorbtorm"," eco27",0.04
"799"," sorbtorm"," eco28",0.05
"800"," sorbtorm"," eco29",0.08
"801"," sorbtorm"," eco3",0.06
"802"," sorbtorm"," eco30",0.03
"803"," sorbtorm"," eco4",0.05
"804"," sorbtorm"," eco6",0
"805"," sorbtorm"," eco7",0.04
"806"," sorbtorm"," eco8",0.06
"807"," taxubacc"," eco1",0.06
"808"," taxubacc"," eco10",0.04
"809"," taxubacc"," eco11",0.06
"810"," taxubacc"," eco12",0.06
"811"," taxubacc"," eco14",0
"812"," taxubacc"," eco16",0
"813"," taxubacc"," eco17",0.06
"814"," taxubacc"," eco18",0.04
"815"," taxubacc"," eco19",0
"816"," taxubacc"," eco2",0
"817"," taxubacc"," eco20",0
"818"," taxubacc"," eco21",0
"819"," taxubacc"," eco22",0
"820"," taxubacc"," eco23",0
"821"," taxubacc"," eco24",0.02
"822"," taxubacc"," eco25",0.06
"823"," taxubacc"," eco26",0
"824"," taxubacc"," eco27",0.04
"825"," taxubacc"," eco28",0.05
"826"," taxubacc"," eco29",0.08
"827"," taxubacc"," eco3",0.06
"828"," taxubacc"," eco30",0.03
"829"," taxubacc"," eco4",0.05
"830"," taxubacc"," eco6",0
"831"," taxubacc"," eco7",0.04
"832"," taxubacc"," eco8",0.06
"833"," tiliplat"," eco1",0
"834"," tiliplat"," eco10",0
"835"," tiliplat"," eco11",0
"836"," tiliplat"," eco12",0
"837"," tiliplat"," eco14",0
"838"," tiliplat"," eco16",0
"839"," tiliplat"," eco17",0
"840"," tiliplat"," eco18",0
"841"," tiliplat"," eco19",0
"842"," tiliplat"," eco2",0
"843"," tiliplat"," eco20",0
"844"," tiliplat"," eco21",0
"845"," tiliplat"," eco22",0
"846"," tiliplat"," eco23",0
"847"," tiliplat"," eco24",0
"848"," tiliplat"," eco25",0
"849"," tiliplat"," eco26",0
"850"," tiliplat"," eco27",0
"851"," tiliplat"," eco28",0
"852"," tiliplat"," eco29",0
"853"," tiliplat"," eco3",0
"854"," tiliplat"," eco30",0
"855"," tiliplat"," eco4",0
"856"," tiliplat"," eco6",0
"857"," tiliplat"," eco7",0
"858"," tiliplat"," eco8",0
"859"," tsughete"," eco1",0
"860"," tsughete"," eco10",0
"861"," tsughete"," eco11",0
"862"," tsughete"," eco12",0
"863"," tsughete"," eco14",0
"864"," tsughete"," eco16",0
"865"," tsughete"," eco17",0
"866"," tsughete"," eco18",0
"867"," tsughete"," eco19",0
"868"," tsughete"," eco2",0
"869"," tsughete"," eco20",0
"870"," tsughete"," eco21",0
"871"," tsughete"," eco22",0
"872"," tsughete"," eco23",0
"873"," tsughete"," eco24",0
"874"," tsughete"," eco25",0
"875"," tsughete"," eco26",0
"876"," tsughete"," eco27",0
"877"," tsughete"," eco28",0
"878"," tsughete"," eco29",0
"879"," tsughete"," eco3",0
"880"," tsughete"," eco30",0
"881"," tsughete"," eco4",0
"882"," tsughete"," eco6",0
"883"," tsughete"," eco7",0
"884"," tsughete"," eco8",0
"885"," vibuopul"," eco1",0
"886"," vibuopul"," eco10",0
"887"," vibuopul"," eco11",0
"888"," vibuopul"," eco12",0
"889"," vibuopul"," eco14",0
"890"," vibuopul"," eco16",0
"891"," vibuopul"," eco17",0
"892"," vibuopul"," eco18",0
"893"," vibuopul"," eco19",0
"894"," vibuopul"," eco2",0
"895"," vibuopul"," eco20",0
"896"," vibuopul"," eco21",0
"897"," vibuopul"," eco22",0
"898"," vibuopul"," eco23",0
"899"," vibuopul"," eco24",0
"900"," vibuopul"," eco25",0
"901"," vibuopul"," eco26",0
"902"," vibuopul"," eco27",0
"903"," vibuopul"," eco28",0
"904"," vibuopul"," eco29",0
"905"," vibuopul"," eco3",0
"906"," vibuopul"," eco30",0
"907"," vibuopul"," eco4",0
"908"," vibuopul"," eco6",0
"909"," vibuopul"," eco7",0
"910"," vibuopul"," eco8",0
